"Empresa";"Credor";"Centro de Custo";"Plano Financeiro";"Documento";"Lançamento";"Parcela";"Id";"Dt. emissão";"Valor original";"Dt. vencimento";"Saldo atual";"Dias";"Dt. baixa";"Valor baixa";"Acréscimo";"Desconto";"Pagto líquido";"";"";"";"";"";"";
"3 - EINDOM PARTICIPAÇÕES LTDA";"14 - INSTITUTO NACIONAL DO SEGURO SOCIAL - RET. TERC.";"301 - Eindom Participações - Adm/Financeiro";"2.04.03.05 - INSS Terceiros PJ";"DARF.RET INSS 01.2023";"1988";"1/1";"00";"07/03/2023";"3.382,05";"10/03/2023";"0,00";"0";"10/03/2023";"3.382,05";"223,55";"0,00";"3.605,60";"";"";"";"";"";"";
"3 - EINDOM PARTICIPAÇÕES LTDA";"14 - INSTITUTO NACIONAL DO SEGURO SOCIAL - RET. TERC.";"301 - Eindom Participações - Adm/Financeiro";"2.04.03.05 - INSS Terceiros PJ";"DARF.RET INSS 02.2023";"2211";"1/1";"00";"28/02/2023";"2.296,35";"27/03/2023";"0,00";"0";"27/03/2023";"2.296,35";"53,04";"0,00";"2.349,39";"";"";"";"";"";"";
"3 - EINDOM PARTICIPAÇÕES LTDA";"14 - INSTITUTO NACIONAL DO SEGURO SOCIAL - RET. TERC.";"301 - Eindom Participações - Adm/Financeiro";"2.04.03.05 - INSS Terceiros PJ";"DARF.Ret INSS 03.2023";"2420";"1/1";"00";"31/03/2023";"3.566,57";"20/04/2023";"0,00";"0";"19/04/2023";"3.566,57";"0,00";"0,00";"3.566,57";"";"";"";"";"";"";
"3 - EINDOM PARTICIPAÇÕES LTDA";"14 - INSTITUTO NACIONAL DO SEGURO SOCIAL - RET. TERC.";"301 - Eindom Participações - Adm/Financeiro";"2.03.03.01 - Multas e Acréscimos";"GUIA.30032023";"2506";"1/1";"00";"30/03/2023";"250,00";"30/03/2023";"0,00";"0";"30/03/2023";"250,00";"0,00";"0,00";"250,00";"";"";"";"";"";"";
"3 - EINDOM PARTICIPAÇÕES LTDA";"14 - INSTITUTO NACIONAL DO SEGURO SOCIAL - RET. TERC.";"301 - Eindom Participações - Adm/Financeiro";"2.04.03.05 - INSS Terceiros PJ";"DARF.RET INSS 04.2023";"2929";"1/1";"00";"30/04/2023";"2.947,67";"19/05/2023";"0,00";"0";"15/05/2023";"2.947,67";"0,00";"0,00";"2.947,67";"";"";"";"";"";"";
"3 - EINDOM PARTICIPAÇÕES LTDA";"14 - INSTITUTO NACIONAL DO SEGURO SOCIAL - RET. TERC.";"301 - Eindom Participações - Adm/Financeiro";"2.04.03.05 - INSS Terceiros PJ";"DARF.Ret INSS 05/2023";"3325";"1/1";"00";"31/05/2023";"234,91";"20/06/2023";"0,00";"0";"20/06/2023";"234,91";"0,00";"0,01";"234,90";"";"";"";"";"";"";
"3 - EINDOM PARTICIPAÇÕES LTDA";"14 - INSTITUTO NACIONAL DO SEGURO SOCIAL - RET. TERC.";"301 - Eindom Participações - Adm/Financeiro";"2.04.03.05 - INSS Terceiros PJ";"DARF.INSS 2631 - 08/2023";"5025";"1/1";"00";"31/08/2023";"137,50";"20/09/2023";"0,00";"1";"21/09/2023";"137,50";"0,00";"0,00";"137,50";"";"";"";"";"";"";
"3 - EINDOM PARTICIPAÇÕES LTDA";"53 - BROADCAST SERVICOS DE MANUTENCAO E SOLUCOES EM TI LTDA";"301 - Eindom Participações - Adm/Financeiro";"2.01.09.13 - Suporte técnico de informática";"NFS .1754";"1842";"1/1";"00";"16/02/2023";"10.288,00";"28/02/2023";"0,00";"0";"28/02/2023";"10.288,00";"0,00";"0,00";"10.288,00";"";"";"";"";"";"";
"3 - EINDOM PARTICIPAÇÕES LTDA";"53 - BROADCAST SERVICOS DE MANUTENCAO E SOLUCOES EM TI LTDA";"301 - Eindom Participações - Adm/Financeiro";"2.01.09.13 - Suporte técnico de informática";"NFE .855";"2008";"1/1";"00";"27/02/2023";"21.564,00";"20/03/2023";"0,00";"0";"20/03/2023";"21.564,00";"0,00";"0,00";"21.564,00";"";"";"";"";"";"";
"3 - EINDOM PARTICIPAÇÕES LTDA";"53 - BROADCAST SERVICOS DE MANUTENCAO E SOLUCOES EM TI LTDA";"301 - Eindom Participações - Adm/Financeiro";"2.01.09.13 - Suporte técnico de informática";"NFE .856";"2009";"1/1";"00";"27/02/2023";"4.295,00";"20/03/2023";"0,00";"0";"20/03/2023";"4.295,00";"0,00";"0,00";"4.295,00";"";"";"";"";"";"";
"3 - EINDOM PARTICIPAÇÕES LTDA";"53 - BROADCAST SERVICOS DE MANUTENCAO E SOLUCOES EM TI LTDA";"301 - Eindom Participações - Adm/Financeiro";"2.01.09.13 - Suporte técnico de informática";"ND  .042023";"2910";"1/1";"00";"01/05/2023";"1.197,40";"05/05/2023";"0,00";"0";"05/05/2023";"1.197,40";"0,00";"0,00";"1.197,40";"";"";"";"";"";"";
"3 - EINDOM PARTICIPAÇÕES LTDA";"75 - PREFEITURA MUNICIPAL DE RIO DE JANEIRO";"301 - Eindom Participações - Adm/Financeiro";"2.04.04.08 - Alvará";"GUIA.0409567";"2887";"1/1";"00";"28/04/2023";"1.086,78";"28/04/2023";"0,00";"0";"28/04/2023";"1.086,78";"0,00";"0,00";"1.086,78";"";"";"";"";"";"";
"3 - EINDOM PARTICIPAÇÕES LTDA";"95 - LIGHT SERVICOS DE ELETRICIDADE S A";"301 - Eindom Participações - Adm/Financeiro";"2.01.06.05 - Energia Elétrica";"NFEE.32023";"2522";"1/1";"00";"01/03/2023";"721,64";"10/04/2023";"0,00";"0";"10/04/2023";"721,64";"0,00";"0,00";"721,64";"";"";"";"";"";"";
"3 - EINDOM PARTICIPAÇÕES LTDA";"95 - LIGHT SERVICOS DE ELETRICIDADE S A";"301 - Eindom Participações - Adm/Financeiro";"2.01.06.05 - Energia Elétrica";"NFEE.9078177";"2537";"1/1";"00";"03/04/2023";"1.052,17";"24/04/2023";"0,00";"0";"19/04/2023";"1.052,17";"0,00";"0,00";"1.052,17";"";"";"";"";"";"";
"3 - EINDOM PARTICIPAÇÕES LTDA";"95 - LIGHT SERVICOS DE ELETRICIDADE S A";"301 - Eindom Participações - Adm/Financeiro";"2.01.06.05 - Energia Elétrica";"NFEE.3355256";"2616";"1/1";"00";"14/04/2023";"6,46";"03/05/2023";"0,00";"0";"28/04/2023";"6,46";"0,00";"0,00";"6,46";"";"";"";"";"";"";
"3 - EINDOM PARTICIPAÇÕES LTDA";"95 - LIGHT SERVICOS DE ELETRICIDADE S A";"301 - Eindom Participações - Adm/Financeiro";"2.01.06.05 - Energia Elétrica";"NFEE.jun2023";"3434";"1/1";"00";"15/06/2023";"1.197,29";"22/06/2023";"0,00";"0";"20/06/2023";"1.197,29";"0,00";"0,00";"1.197,29";"";"";"";"";"";"";
"3 - EINDOM PARTICIPAÇÕES LTDA";"95 - LIGHT SERVICOS DE ELETRICIDADE S A";"301 - Eindom Participações - Adm/Financeiro";"2.01.06.05 - Energia Elétrica";"NFEE.6067952";"3753";"1/1";"00";"05/07/2023";"1.227,23";"24/07/2023";"0,00";"0";"20/07/2023";"1.227,23";"0,00";"0,00";"1.227,23";"";"";"";"";"";"";
"3 - EINDOM PARTICIPAÇÕES LTDA";"95 - LIGHT SERVICOS DE ELETRICIDADE S A";"301 - Eindom Participações - Adm/Financeiro";"2.01.06.05 - Energia Elétrica";"NFEE.8467641";"4410";"1/1";"00";"04/08/2023";"1.171,46";"22/08/2023";"0,00";"0";"18/08/2023";"1.171,46";"0,00";"0,00";"1.171,46";"";"";"";"";"";"";
"3 - EINDOM PARTICIPAÇÕES LTDA";"95 - LIGHT SERVICOS DE ELETRICIDADE S A";"301 - Eindom Participações - Adm/Financeiro";"2.01.06.05 - Energia Elétrica";"NFEE.030878846";"5105";"1/1";"00";"04/09/2023";"1.051,58";"22/09/2023";"0,00";"0";"20/09/2023";"1.051,58";"0,00";"0,00";"1.051,58";"";"";"";"";"";"";
"3 - EINDOM PARTICIPAÇÕES LTDA";"105 - SMAIS DISTRIBUIDORA E COMERCIO EIRELI";"301 - Eindom Participações - Adm/Financeiro";"2.01.07.02 - Material de Copa e Limpeza";"NFE .159654";"2049";"1/1";"00";"03/03/2023";"1.362,10";"23/03/2023";"0,00";"0";"20/03/2023";"1.362,10";"0,00";"0,00";"1.362,10";"";"";"";"";"";"";
"3 - EINDOM PARTICIPAÇÕES LTDA";"105 - SMAIS DISTRIBUIDORA E COMERCIO EIRELI";"301 - Eindom Participações - Adm/Financeiro";"2.01.07.02 - Material de Copa e Limpeza";"NFE .160801";"2131";"1/1";"00";"14/03/2023";"376,20";"03/04/2023";"0,00";"0";"30/03/2023";"376,20";"0,00";"0,00";"376,20";"";"";"";"";"";"";
"3 - EINDOM PARTICIPAÇÕES LTDA";"105 - SMAIS DISTRIBUIDORA E COMERCIO EIRELI";"301 - Eindom Participações - Adm/Financeiro";"2.01.07.02 - Material de Copa e Limpeza";"NFE .164367";"2620";"1/1";"00";"14/04/2023";"501,60";"04/05/2023";"0,00";"0";"28/04/2023";"501,60";"0,00";"0,00";"501,60";"";"";"";"";"";"";
"3 - EINDOM PARTICIPAÇÕES LTDA";"105 - SMAIS DISTRIBUIDORA E COMERCIO EIRELI";"301 - Eindom Participações - Adm/Financeiro";"2.01.07.02 - Material de Copa e Limpeza";"NFE .169547";"3331";"1/1";"00";"01/06/2023";"794,60";"21/06/2023";"0,00";"0";"20/06/2023";"794,60";"0,00";"0,00";"794,60";"";"";"";"";"";"";
"3 - EINDOM PARTICIPAÇÕES LTDA";"164 - MAGALU PAGAMENTOS LTDA";"301 - Eindom Participações - Adm/Financeiro";"2.01.07.06 - Bens de pequeno valor";"NFS .64738";"1944";"1/1";"00";"13/02/2023";"423,42";"13/02/2023";"0,00";"0";"13/02/2023";"423,42";"0,00";"0,00";"423,42";"";"";"";"";"";"";
"3 - EINDOM PARTICIPAÇÕES LTDA";"164 - MAGALU PAGAMENTOS LTDA";"301 - Eindom Participações - Adm/Financeiro";"2.01.07.06 - Bens de pequeno valor";"NFS .16991034";"1945";"1/1";"00";"13/02/2023";"155,91";"13/02/2023";"0,00";"0";"13/02/2023";"155,91";"0,00";"0,00";"155,91";"";"";"";"";"";"";
"3 - EINDOM PARTICIPAÇÕES LTDA";"164 - MAGALU PAGAMENTOS LTDA";"301 - Eindom Participações - Adm/Financeiro";"2.01.99.03 - Móveis, Utensílios Elétricos, Instalações";"NFE .518967";"2210";"1/1";"00";"14/02/2023";"3.799,05";"14/02/2023";"0,00";"0";"14/02/2023";"3.799,05";"0,00";"0,00";"0,00";"";"";"";"";"";"";
"3 - EINDOM PARTICIPAÇÕES LTDA";"164 - MAGALU PAGAMENTOS LTDA";"301 - Eindom Participações - Adm/Financeiro";"2.03.02.02 - Adiantamento a Fornecedores";"ADT .01012023";"2228";"1/1";"00";"13/02/2023";"3.799,05";"13/02/2023";"0,00";"0";"13/02/2023A";"3.799,05";"0,00";"0,00";"3.799,05";"";"";"";"";"";"";
"3 - EINDOM PARTICIPAÇÕES LTDA";"216 - PORTO SEGURO COMPANHIA DE SEGUROS GERAIS";"301 - Eindom Participações - Adm/Financeiro";"2.01.06.03 - Seguros";"REC .07481508";"1961";"1/1";"00";"06/01/2023";"5.282,37";"04/02/2023";"0,00";"2";"06/02/2023";"5.282,37";"0,00";"0,00";"5.282,37";"";"";"";"";"";"";
"3 - EINDOM PARTICIPAÇÕES LTDA";"216 - PORTO SEGURO COMPANHIA DE SEGUROS GERAIS";"301 - Eindom Participações - Adm/Financeiro";"2.01.06.03 - Seguros";"REC .67461509";"1962";"1/1";"00";"06/01/2023";"5.282,37";"04/03/2023";"0,00";"0";"03/03/2023";"5.282,37";"0,00";"0,00";"5.282,37";"";"";"";"";"";"";
"3 - EINDOM PARTICIPAÇÕES LTDA";"216 - PORTO SEGURO COMPANHIA DE SEGUROS GERAIS";"301 - Eindom Participações - Adm/Financeiro";"2.01.06.03 - Seguros";"REC .67481510";"2403";"1/1";"00";"06/01/2023";"5.282,37";"04/04/2023";"0,00";"0";"03/04/2023";"5.282,37";"0,00";"0,00";"5.282,37";"";"";"";"";"";"";
"3 - EINDOM PARTICIPAÇÕES LTDA";"216 - PORTO SEGURO COMPANHIA DE SEGUROS GERAIS";"301 - Eindom Participações - Adm/Financeiro";"2.01.06.03 - Seguros";"REC .67481511";"2817";"1/1";"00";"06/01/2023";"5.282,37";"04/05/2023";"0,00";"0";"28/04/2023";"5.282,37";"0,00";"0,00";"5.282,37";"";"";"";"";"";"";
"3 - EINDOM PARTICIPAÇÕES LTDA";"216 - PORTO SEGURO COMPANHIA DE SEGUROS GERAIS";"301 - Eindom Participações - Adm/Financeiro";"2.01.06.03 - Seguros";"REC .062023";"3226";"1/1";"00";"30/05/2023";"5.282,37";"04/06/2023";"0,00";"1";"05/06/2023";"5.282,37";"0,00";"0,00";"5.282,37";"";"";"";"";"";"";
"3 - EINDOM PARTICIPAÇÕES LTDA";"216 - PORTO SEGURO COMPANHIA DE SEGUROS GERAIS";"301 - Eindom Participações - Adm/Financeiro";"2.01.06.03 - Seguros";"REC .072023";"3560";"1/1";"00";"20/06/2023";"5.282,37";"04/07/2023";"0,00";"0";"30/06/2023";"5.282,37";"0,00";"0,00";"5.282,37";"";"";"";"";"";"";
"3 - EINDOM PARTICIPAÇÕES LTDA";"216 - PORTO SEGURO COMPANHIA DE SEGUROS GERAIS";"301 - Eindom Participações - Adm/Financeiro";"2.01.06.03 - Seguros";"REC .97481514";"3921";"1/1";"00";"20/07/2023";"5.282,37";"04/08/2023";"0,00";"0";"28/07/2023";"5.282,37";"0,00";"0,00";"5.282,37";"";"";"";"";"";"";
"3 - EINDOM PARTICIPAÇÕES LTDA";"216 - PORTO SEGURO COMPANHIA DE SEGUROS GERAIS";"301 - Eindom Participações - Adm/Financeiro";"2.01.06.03 - Seguros";"REC .092023";"4571";"1/1";"00";"01/08/2023";"5.282,37";"04/09/2023";"0,00";"0";"30/08/2023";"5.282,37";"0,00";"0,00";"5.282,37";"";"";"";"";"";"";
"3 - EINDOM PARTICIPAÇÕES LTDA";"216 - PORTO SEGURO COMPANHIA DE SEGUROS GERAIS";"301 - Eindom Participações - Adm/Financeiro";"2.01.06.03 - Seguros";"REC .67481726";"5257";"1/1";"00";"01/09/2023";"5.282,37";"04/10/2023";"5.282,37";"0";"";"0,00";"0,00";"0,00";"0,00";"";"";"";"";"";"";
"3 - EINDOM PARTICIPAÇÕES LTDA";"233 - DMAISE ARQUITETURA E ENGENHARIA LTDA ";"301 - Eindom Participações - Adm/Financeiro";"2.01.99.07 - Benfeitorias em Imóveis";"NFS .1790";"1975";"1/1";"00";"25/01/2023";"61.491,89";"27/01/2023";"0,00";"0";"27/01/2023";"61.491,89";"0,00";"3.382,05";"58.109,84";"";"";"";"";"";"";
"3 - EINDOM PARTICIPAÇÕES LTDA";"233 - DMAISE ARQUITETURA E ENGENHARIA LTDA ";"301 - Eindom Participações - Adm/Financeiro";"2.01.99.07 - Benfeitorias em Imóveis";"NFS .1810";"1976";"1/1";"00";"07/02/2023";"41.751,89";"10/02/2023";"0,00";"0";"10/02/2023";"41.751,89";"0,00";"2.296,35";"39.455,54";"";"";"";"";"";"";
"3 - EINDOM PARTICIPAÇÕES LTDA";"233 - DMAISE ARQUITETURA E ENGENHARIA LTDA ";"301 - Eindom Participações - Adm/Financeiro";"2.01.99.07 - Benfeitorias em Imóveis";"NFS .1824";"2014";"1/1";"00";"01/03/2023";"64.846,76";"10/03/2023";"0,00";"0";"10/03/2023";"64.846,76";"0,00";"3.566,57";"61.280,19";"";"";"";"";"";"";
"3 - EINDOM PARTICIPAÇÕES LTDA";"233 - DMAISE ARQUITETURA E ENGENHARIA LTDA ";"301 - Eindom Participações - Adm/Financeiro";"2.01.06.07 - Marcenaria, Manutenção e Obras";"NFS .1855";"2618";"1/1";"00";"14/04/2023";"53.594,00";"20/04/2023";"0,00";"0";"19/04/2023";"53.594,00";"0,00";"2.947,67";"50.646,33";"";"";"";"";"";"";
"3 - EINDOM PARTICIPAÇÕES LTDA";"233 - DMAISE ARQUITETURA E ENGENHARIA LTDA ";"301 - Eindom Participações - Adm/Financeiro";"2.01.06.07 - Marcenaria, Manutenção e Obras";"NFS .1892";"3039";"1/1";"00";"16/05/2023";"821,00";"20/05/2023";"0,00";"0";"19/05/2023";"821,00";"0,00";"45,16";"775,84";"";"";"";"";"";"";
"3 - EINDOM PARTICIPAÇÕES LTDA";"233 - DMAISE ARQUITETURA E ENGENHARIA LTDA ";"301 - Eindom Participações - Adm/Financeiro";"2.01.06.07 - Marcenaria, Manutenção e Obras";"NFS .1891";"3317";"1/1";"00";"16/05/2023";"3.450,00";"15/06/2023";"0,00";"0";"15/06/2023";"3.450,00";"0,00";"189,75";"3.260,25";"";"";"";"";"";"";
"3 - EINDOM PARTICIPAÇÕES LTDA";"233 - DMAISE ARQUITETURA E ENGENHARIA LTDA ";"301 - Eindom Participações - Adm/Financeiro";"2.01.06.07 - Marcenaria, Manutenção e Obras";"NFS .1974";"4455";"1/1";"00";"14/08/2023";"900,00";"20/08/2023";"0,00";"0";"18/08/2023";"900,00";"0,00";"49,50";"850,50";"";"";"";"";"";"";
"3 - EINDOM PARTICIPAÇÕES LTDA";"233 - DMAISE ARQUITETURA E ENGENHARIA LTDA ";"301 - Eindom Participações - Adm/Financeiro";"2.01.06.07 - Marcenaria, Manutenção e Obras";"NFS .1976";"4530";"1/1";"00";"14/08/2023";"1.600,00";"20/08/2023";"0,00";"0";"18/08/2023";"1.600,00";"0,00";"88,00";"1.512,00";"";"";"";"";"";"";
"3 - EINDOM PARTICIPAÇÕES LTDA";"258 - CENTRAL GLASS ALUMINIO COMERCIO DE VIDROS E ALUMINIO EIRELI";"301 - Eindom Participações - Adm/Financeiro";"2.01.99.07 - Benfeitorias em Imóveis";"NFS .04596";"2745";"1/1";"00";"25/01/2023";"14.266,00";"25/01/2023";"0,00";"2";"27/01/2023";"14.266,00";"0,00";"0,00";"14.266,00";"";"";"";"";"";"";
"3 - EINDOM PARTICIPAÇÕES LTDA";"258 - CENTRAL GLASS ALUMINIO COMERCIO DE VIDROS E ALUMINIO EIRELI";"301 - Eindom Participações - Adm/Financeiro";"2.01.99.07 - Benfeitorias em Imóveis";"NFE .04605";"2746";"1/1";"00";"17/02/2023";"14.266,00";"17/02/2023";"0,00";"0";"17/02/2023";"14.266,00";"0,00";"0,00";"14.266,00";"";"";"";"";"";"";
"3 - EINDOM PARTICIPAÇÕES LTDA";"269 - GLENCORE DO BRASIL COMERCIO E EXPORTACAO LTDA";"301 - Eindom Participações - Adm/Financeiro";"2.04.04.09 - IPTU - Cota Única.";"GUIA.02023";"1884";"1/1";"00";"01/02/2023";"21.860,58";"07/02/2023";"0,00";"0";"07/02/2023";"21.860,58";"0,00";"0,00";"21.860,58";"";"";"";"";"";"";
"3 - EINDOM PARTICIPAÇÕES LTDA";"269 - GLENCORE DO BRASIL COMERCIO E EXPORTACAO LTDA";"301 - Eindom Participações - Adm/Financeiro";"2.01.06.01 - Aluguéis";"REC .01042023";"2495";"1/1";"00";"06/04/2023";"46.222,74";"10/04/2023";"0,00";"0";"10/04/2023";"46.222,74";"0,00";"0,00";"46.222,74";"";"";"";"";"";"";
"3 - EINDOM PARTICIPAÇÕES LTDA";"269 - GLENCORE DO BRASIL COMERCIO E EXPORTACAO LTDA";"301 - Eindom Participações - Adm/Financeiro";"2.01.06.01 - Aluguéis";"REC .052023";"2871";"1/1";"00";"01/05/2023";"26.815,47";"10/05/2023";"0,00";"0";"10/05/2023";"26.815,47";"0,00";"0,00";"26.815,47";"";"";"";"";"";"";
"3 - EINDOM PARTICIPAÇÕES LTDA";"269 - GLENCORE DO BRASIL COMERCIO E EXPORTACAO LTDA";"301 - Eindom Participações - Adm/Financeiro";"2.01.06.01 - Aluguéis";"REC .31052023";"3269";"1/1";"00";"01/06/2023";"25.975,73";"10/06/2023";"0,00";"0";"09/06/2023";"25.975,73";"0,00";"0,00";"25.975,73";"";"";"";"";"";"";
"3 - EINDOM PARTICIPAÇÕES LTDA";"269 - GLENCORE DO BRASIL COMERCIO E EXPORTACAO LTDA";"301 - Eindom Participações - Adm/Financeiro";"2.01.06.01 - Aluguéis";"REC .062023";"3637";"1/1";"00";"30/06/2023";"24.139,17";"10/07/2023";"0,00";"0";"10/07/2023";"24.139,17";"0,00";"0,00";"24.139,17";"";"";"";"";"";"";
"3 - EINDOM PARTICIPAÇÕES LTDA";"269 - GLENCORE DO BRASIL COMERCIO E EXPORTACAO LTDA";"301 - Eindom Participações - Adm/Financeiro";"2.01.06.01 - Aluguéis";"REC .072023";"4225";"1/1";"00";"02/08/2023";"25.997,73";"10/08/2023";"0,00";"0";"10/08/2023";"25.997,73";"0,00";"0,00";"25.997,73";"";"";"";"";"";"";
"3 - EINDOM PARTICIPAÇÕES LTDA";"269 - GLENCORE DO BRASIL COMERCIO E EXPORTACAO LTDA";"301 - Eindom Participações - Adm/Financeiro";"2.01.06.01 - Aluguéis";"REC .092023";"4866";"1/1";"00";"04/09/2023";"26.041,73";"10/09/2023";"0,00";"1";"11/09/2023";"26.041,73";"0,00";"0,00";"26.041,73";"";"";"";"";"";"";
"3 - EINDOM PARTICIPAÇÕES LTDA";"274 - NEO INTERIORES COMERCIO E DECORACOES - EIRELI";"301 - Eindom Participações - Adm/Financeiro";"2.01.99.07 - Benfeitorias em Imóveis";"NFE .002.524";"2547";"1/1";"00";"30/01/2023";"13.342,11";"30/01/2023";"0,00";"0";"30/01/2023";"13.342,11";"0,00";"0,00";"13.342,11";"";"";"";"";"";"";
"3 - EINDOM PARTICIPAÇÕES LTDA";"274 - NEO INTERIORES COMERCIO E DECORACOES - EIRELI";"301 - Eindom Participações - Adm/Financeiro";"2.01.99.07 - Benfeitorias em Imóveis";"NFE .002536";"2548";"1/1";"00";"15/02/2023";"13.342,11";"15/02/2023";"0,00";"0";"15/02/2023";"13.342,11";"0,00";"0,00";"13.342,11";"";"";"";"";"";"";
"3 - EINDOM PARTICIPAÇÕES LTDA";"274 - NEO INTERIORES COMERCIO E DECORACOES - EIRELI";"301 - Eindom Participações - Adm/Financeiro";"2.01.99.07 - Benfeitorias em Imóveis";"NFE .2536";"2549";"1/1";"00";"15/02/2023";"9.403,24";"15/02/2023";"0,00";"0";"15/02/2023";"9.403,24";"0,00";"0,00";"9.403,24";"";"";"";"";"";"";
"3 - EINDOM PARTICIPAÇÕES LTDA";"275 - DOMO 2008 COMERCIO DE PRODUTOS ELETRICOS EIRELI";"301 - Eindom Participações - Adm/Financeiro";"2.01.99.07 - Benfeitorias em Imóveis";"NFE .1598";"2747";"1/1";"00";"06/02/2023";"4.890,00";"06/02/2023";"0,00";"1";"07/02/2023";"4.890,00";"0,00";"0,00";"4.890,00";"";"";"";"";"";"";
"3 - EINDOM PARTICIPAÇÕES LTDA";"284 - REFRIGERACAO DUFRIO COMERCIO E IMPORTACAO LTDA";"301 - Eindom Participações - Adm/Financeiro";"2.01.07.06 - Bens de pequeno valor";"NFS .1751170";"1964";"1/1";"00";"14/02/2023";"956,03";"14/02/2023";"0,00";"10";"24/02/2023";"956,03";"0,00";"0,00";"956,03";"";"";"";"";"";"";
"3 - EINDOM PARTICIPAÇÕES LTDA";"285 - FISGADARIA COMERCIO VAREJISTA DE UTILIDADES LTDA";"301 - Eindom Participações - Adm/Financeiro";"2.01.07.06 - Bens de pequeno valor";"NFE .025168";"1965";"1/1";"00";"15/02/2023";"689,00";"24/02/2023";"0,00";"0";"24/02/2023";"689,00";"0,00";"0,00";"689,00";"";"";"";"";"";"";
"3 - EINDOM PARTICIPAÇÕES LTDA";"286 - FRIOVIX COMERCIO DE REFRIGERACAO LTDA";"301 - Eindom Participações - Adm/Financeiro";"2.01.99.03 - Móveis, Utensílios Elétricos, Instalações";"NFS .189441";"1966";"1/1";"00";"15/02/2023";"2.776,84";"15/02/2023";"0,00";"9";"24/02/2023";"2.776,84";"0,00";"0,00";"2.776,84";"";"";"";"";"";"";
"3 - EINDOM PARTICIPAÇÕES LTDA";"287 - DUBAI IMPORTADORA E DISTRIBUIDORA LTDA";"301 - Eindom Participações - Adm/Financeiro";"2.01.07.06 - Bens de pequeno valor";"NFS .50434";"1968";"1/1";"00";"17/02/2023";"299,09";"17/02/2023";"0,00";"7";"24/02/2023";"299,09";"0,00";"0,00";"299,09";"";"";"";"";"";"";
"3 - EINDOM PARTICIPAÇÕES LTDA";"287 - DUBAI IMPORTADORA E DISTRIBUIDORA LTDA";"301 - Eindom Participações - Adm/Financeiro";"2.01.07.06 - Bens de pequeno valor";"NFE .6455";"1969";"1/1";"00";"14/02/2023";"215,81";"14/02/2023";"0,00";"10";"24/02/2023";"215,81";"0,00";"0,00";"215,81";"";"";"";"";"";"";
"3 - EINDOM PARTICIPAÇÕES LTDA";"287 - DUBAI IMPORTADORA E DISTRIBUIDORA LTDA";"301 - Eindom Participações - Adm/Financeiro";"2.01.07.06 - Bens de pequeno valor";"NFE .6457";"1970";"1/1";"00";"14/02/2023";"107,25";"14/02/2023";"0,00";"10";"24/02/2023";"107,25";"0,00";"0,00";"107,25";"";"";"";"";"";"";
"3 - EINDOM PARTICIPAÇÕES LTDA";"288 - VTR IMPORTACAO DE UTENSILIOS PARA COZINHAS EIRELI";"301 - Eindom Participações - Adm/Financeiro";"2.01.07.06 - Bens de pequeno valor";"NFE .018426";"1971";"1/1";"00";"15/02/2023";"285,00";"15/02/2023";"0,00";"9";"24/02/2023";"285,00";"0,00";"0,00";"285,00";"";"";"";"";"";"";
"3 - EINDOM PARTICIPAÇÕES LTDA";"289 - MAGAZINE PRO COMERCIAL LTDA";"301 - Eindom Participações - Adm/Financeiro";"2.01.07.06 - Bens de pequeno valor";"NFE .018426";"1972";"1/1";"00";"15/02/2023";"626,70";"15/02/2023";"0,00";"9";"24/02/2023";"626,70";"0,00";"0,00";"626,70";"";"";"";"";"";"";
"3 - EINDOM PARTICIPAÇÕES LTDA";"290 - WEBFONES COMERCIO DE ARTIGOS DE TELEFONIA S.A.";"301 - Eindom Participações - Adm/Financeiro";"2.01.07.06 - Bens de pequeno valor";"NFS .1579996";"1973";"1/1";"00";"16/02/2023";"612,90";"16/02/2023";"0,00";"8";"24/02/2023";"612,90";"0,00";"0,00";"612,90";"";"";"";"";"";"";
"3 - EINDOM PARTICIPAÇÕES LTDA";"291 - KABUM COMERCIO ELETRONICO S.A.";"301 - Eindom Participações - Adm/Financeiro";"2.01.99.03 - Móveis, Utensílios Elétricos, Instalações";"NFS .17008968";"1974";"1/1";"00";"15/02/2023";"6.316,85";"15/02/2023";"0,00";"9";"24/02/2023";"6.316,85";"0,00";"0,00";"6.316,85";"";"";"";"";"";"";
"3 - EINDOM PARTICIPAÇÕES LTDA";"302 - JFX ELETRONICA E REFRIGERACAO LTDA";"301 - Eindom Participações - Adm/Financeiro";"2.01.06.07 - Marcenaria, Manutenção e Obras";"NFS .7020";"2551";"1/1";"00";"11/04/2023";"220,00";"15/04/2023";"0,00";"0";"14/04/2023";"220,00";"0,00";"0,00";"220,00";"";"";"";"";"";"";
"3 - EINDOM PARTICIPAÇÕES LTDA";"302 - JFX ELETRONICA E REFRIGERACAO LTDA";"301 - Eindom Participações - Adm/Financeiro";"2.01.06.07 - Marcenaria, Manutenção e Obras";"NFS .7071-1";"2804";"1/1";"00";"24/04/2023";"220,00";"14/05/2023";"0,00";"0";"10/05/2023";"220,00";"0,00";"0,00";"220,00";"";"";"";"";"";"";
"3 - EINDOM PARTICIPAÇÕES LTDA";"302 - JFX ELETRONICA E REFRIGERACAO LTDA";"301 - Eindom Participações - Adm/Financeiro";"2.01.06.07 - Marcenaria, Manutenção e Obras";"NFS .7100-1";"2915";"1/1";"00";"04/05/2023";"1.836,56";"31/05/2023";"0,00";"0";"30/05/2023";"1.836,56";"0,00";"0,00";"1.836,56";"";"";"";"";"";"";
"3 - EINDOM PARTICIPAÇÕES LTDA";"302 - JFX ELETRONICA E REFRIGERACAO LTDA";"301 - Eindom Participações - Adm/Financeiro";"2.01.06.07 - Marcenaria, Manutenção e Obras";"NFS .7179-1";"3096";"1/1";"00";"20/05/2023";"220,00";"05/06/2023";"0,00";"0";"05/06/2023";"220,00";"0,00";"0,00";"220,00";"";"";"";"";"";"";
"3 - EINDOM PARTICIPAÇÕES LTDA";"302 - JFX ELETRONICA E REFRIGERACAO LTDA";"301 - Eindom Participações - Adm/Financeiro";"2.01.06.07 - Marcenaria, Manutenção e Obras";"NFS .7298-1";"3485";"1/1";"00";"15/06/2023";"220,00";"05/07/2023";"0,00";"0";"05/07/2023";"220,00";"0,00";"0,00";"220,00";"";"";"";"";"";"";
"3 - EINDOM PARTICIPAÇÕES LTDA";"329 - CONTEXTUAL SUPORTE E TECNOLOGIA EIRELI";"301 - Eindom Participações - Adm/Financeiro";"2.01.09.20 - Locação de Impressora";"REC .2993/1";"2325";"1/1";"00";"20/03/2023";"407,37";"30/03/2023";"0,00";"0";"30/03/2023";"407,37";"0,00";"0,00";"407,37";"";"";"";"";"";"";
"3 - EINDOM PARTICIPAÇÕES LTDA";"329 - CONTEXTUAL SUPORTE E TECNOLOGIA EIRELI";"301 - Eindom Participações - Adm/Financeiro";"2.01.09.20 - Locação de Impressora";"REC .3075/1";"2718";"1/1";"00";"20/04/2023";"469,67";"30/04/2023";"0,00";"0";"28/04/2023";"469,67";"0,00";"0,00";"469,67";"";"";"";"";"";"";
"3 - EINDOM PARTICIPAÇÕES LTDA";"329 - CONTEXTUAL SUPORTE E TECNOLOGIA EIRELI";"301 - Eindom Participações - Adm/Financeiro";"2.01.09.20 - Locação de Impressora";"ND  .3139";"3097";"1/1";"00";"22/05/2023";"422,01";"30/05/2023";"0,00";"0";"30/05/2023";"422,01";"0,00";"0,00";"422,01";"";"";"";"";"";"";
"3 - EINDOM PARTICIPAÇÕES LTDA";"329 - CONTEXTUAL SUPORTE E TECNOLOGIA EIRELI";"301 - Eindom Participações - Adm/Financeiro";"2.01.09.20 - Locação de Impressora";"ND  .3204";"3543";"1/1";"00";"21/06/2023";"448,08";"30/06/2023";"0,00";"0";"30/06/2023";"448,08";"0,00";"0,00";"448,08";"";"";"";"";"";"";
"3 - EINDOM PARTICIPAÇÕES LTDA";"354 - JOHN RICHARD LOCACAO DE MOVEIS LTDA.";"301 - Eindom Participações - Adm/Financeiro";"2.01.09.21 - Locação de Móveis";"REC .3087 1";"2462";"1/1";"00";"20/02/2023";"3.052,75";"10/04/2023";"0,00";"0";"10/04/2023";"3.052,75";"0,00";"0,00";"3.052,75";"";"";"";"";"";"";
"3 - EINDOM PARTICIPAÇÕES LTDA";"354 - JOHN RICHARD LOCACAO DE MOVEIS LTDA.";"301 - Eindom Participações - Adm/Financeiro";"2.01.09.21 - Locação de Móveis";"REC .31541";"2463";"1/1";"00";"10/03/2023";"5.903,50";"10/04/2023";"0,00";"0";"10/04/2023";"5.903,50";"0,00";"0,00";"5.903,50";"";"";"";"";"";"";
"3 - EINDOM PARTICIPAÇÕES LTDA";"354 - JOHN RICHARD LOCACAO DE MOVEIS LTDA.";"301 - Eindom Participações - Adm/Financeiro";"2.01.09.21 - Locação de Móveis";"REC .32311";"2498";"1/1";"00";"05/04/2023";"5.903,50";"01/05/2023";"0,00";"0";"28/04/2023";"5.903,50";"0,00";"0,00";"5.903,50";"";"";"";"";"";"";
"3 - EINDOM PARTICIPAÇÕES LTDA";"354 - JOHN RICHARD LOCACAO DE MOVEIS LTDA.";"301 - Eindom Participações - Adm/Financeiro";"2.01.09.21 - Locação de Móveis";"REC .33311";"2883";"1/1";"00";"01/05/2023";"6.342,32";"01/06/2023";"0,00";"0";"30/05/2023";"6.342,32";"0,00";"0,00";"6.342,32";"";"";"";"";"";"";
"3 - EINDOM PARTICIPAÇÕES LTDA";"354 - JOHN RICHARD LOCACAO DE MOVEIS LTDA.";"301 - Eindom Participações - Adm/Financeiro";"2.01.09.21 - Locação de Móveis";"REC .34591";"3323";"1/1";"00";"01/06/2023";"5.903,50";"01/07/2023";"0,00";"0";"30/06/2023";"5.903,50";"0,00";"0,00";"5.903,50";"";"";"";"";"";"";
"3 - EINDOM PARTICIPAÇÕES LTDA";"354 - JOHN RICHARD LOCACAO DE MOVEIS LTDA.";"301 - Eindom Participações - Adm/Financeiro";"2.01.09.21 - Locação de Móveis";"REC .34631";"3324";"1/1";"00";"03/06/2023";"118,99";"01/07/2023";"0,00";"0";"30/06/2023";"118,99";"0,00";"0,00";"118,99";"";"";"";"";"";"";
"3 - EINDOM PARTICIPAÇÕES LTDA";"354 - JOHN RICHARD LOCACAO DE MOVEIS LTDA.";"301 - Eindom Participações - Adm/Financeiro";"2.01.09.21 - Locação de Móveis";"REC .4212 1";"3678";"1/1";"00";"01/07/2023";"6.022,49";"01/08/2023";"0,00";"0";"28/07/2023";"6.022,49";"0,00";"0,00";"6.022,49";"";"";"";"";"";"";
"3 - EINDOM PARTICIPAÇÕES LTDA";"357 - 15 OFICIO DE NOTAS DA COMARCA DA CAPITAL DO ESTADO DO RIO DE JANEIRO";"301 - Eindom Participações - Adm/Financeiro";"2.01.07.08 - Despesas com Cartórios e Legalizações";"FAT .80000074731";"2466";"1/1";"00";"31/03/2023";"205,00";"12/04/2023";"0,00";"2";"14/04/2023";"205,00";"0,00";"0,00";"205,00";"";"";"";"";"";"";
"3 - EINDOM PARTICIPAÇÕES LTDA";"357 - 15 OFICIO DE NOTAS DA COMARCA DA CAPITAL DO ESTADO DO RIO DE JANEIRO";"301 - Eindom Participações - Adm/Financeiro";"2.01.07.08 - Despesas com Cartórios e Legalizações";"REC .80000077819";"4203";"1/1";"00";"31/07/2023";"77,64";"10/08/2023";"0,00";"0";"10/08/2023";"77,64";"0,00";"0,00";"77,64";"";"";"";"";"";"";
"3 - EINDOM PARTICIPAÇÕES LTDA";"357 - 15 OFICIO DE NOTAS DA COMARCA DA CAPITAL DO ESTADO DO RIO DE JANEIRO";"301 - Eindom Participações - Adm/Financeiro";"2.01.07.08 - Despesas com Cartórios e Legalizações";"REC .78589";"4917";"1/1";"00";"05/09/2023";"166,86";"10/09/2023";"0,00";"1";"11/09/2023";"166,86";"0,00";"0,00";"166,86";"";"";"";"";"";"";
"3 - EINDOM PARTICIPAÇÕES LTDA";"376 - JUNTA COMERCIAL DO ESTADO DO RIO DE JANEIRO - JUCERJA-";"301 - Eindom Participações - Adm/Financeiro";"2.01.07.08 - Despesas com Cartórios e Legalizações";"GUIA.104353294";"2598";"1/1";"00";"13/04/2023";"488,00";"14/04/2023";"0,00";"0";"14/04/2023";"488,00";"0,00";"0,00";"488,00";"";"";"";"";"";"";
"3 - EINDOM PARTICIPAÇÕES LTDA";"376 - JUNTA COMERCIAL DO ESTADO DO RIO DE JANEIRO - JUCERJA-";"301 - Eindom Participações - Adm/Financeiro";"2.01.07.08 - Despesas com Cartórios e Legalizações";"GUIA.104395813";"3217";"1/1";"00";"26/05/2023";"488,00";"30/05/2023";"0,00";"0";"30/05/2023";"488,00";"0,00";"0,00";"488,00";"";"";"";"";"";"";
"3 - EINDOM PARTICIPAÇÕES LTDA";"376 - JUNTA COMERCIAL DO ESTADO DO RIO DE JANEIRO - JUCERJA-";"301 - Eindom Participações - Adm/Financeiro";"2.01.07.08 - Despesas com Cartórios e Legalizações";"GUIA.104395813";"3295";"1/1";"00";"26/05/2023";"488,00";"10/06/2023";"0,00";"0";"02/06/2023";"488,00";"0,00";"0,00";"488,00";"";"";"";"";"";"";
"3 - EINDOM PARTICIPAÇÕES LTDA";"376 - JUNTA COMERCIAL DO ESTADO DO RIO DE JANEIRO - JUCERJA-";"301 - Eindom Participações - Adm/Financeiro";"2.01.07.08 - Despesas com Cartórios e Legalizações";"GUIA.104459865";"4158";"1/1";"00";"01/08/2023";"488,00";"05/08/2023";"0,00";"0";"04/08/2023";"488,00";"0,00";"0,00";"488,00";"";"";"";"";"";"";
"3 - EINDOM PARTICIPAÇÕES LTDA";"406 - MULTSPACE PRODUCOES GRAFICAS LTDA";"301 - Eindom Participações - Adm/Financeiro";"2.01.09.22 - Serviços Graficos";"NFS .2447";"2968";"1/1";"00";"09/05/2023";"5.800,00";"15/05/2023";"0,00";"0";"15/05/2023";"5.800,00";"0,00";"0,00";"5.800,00";"";"";"";"";"";"";
"3 - EINDOM PARTICIPAÇÕES LTDA";"431 - RACIMEC ELETRONICA E SERVICOS SA";"301 - Eindom Participações - Adm/Financeiro";"2.01.09.28 - Locação Vaga de Garagem";"REC .052023";"3173";"1/1";"00";"26/05/2023";"290,32";"05/06/2023";"0,00";"0";"05/06/2023";"290,32";"0,00";"0,00";"290,32";"";"";"";"";"";"";
"3 - EINDOM PARTICIPAÇÕES LTDA";"431 - RACIMEC ELETRONICA E SERVICOS SA";"301 - Eindom Participações - Adm/Financeiro";"2.01.09.28 - Locação Vaga de Garagem";"REC .048/2023";"3515";"1/1";"00";"20/06/2023";"1.000,00";"05/07/2023";"0,00";"0";"05/07/2023";"1.000,00";"0,00";"0,00";"1.000,00";"";"";"";"";"";"";
"3 - EINDOM PARTICIPAÇÕES LTDA";"431 - RACIMEC ELETRONICA E SERVICOS SA";"301 - Eindom Participações - Adm/Financeiro";"2.01.06.01 - Aluguéis";"REC .056/2023";"3941";"1/1";"00";"20/07/2023";"1.000,00";"07/08/2023";"0,00";"0";"04/08/2023";"1.000,00";"0,00";"0,00";"1.000,00";"";"";"";"";"";"";
"3 - EINDOM PARTICIPAÇÕES LTDA";"431 - RACIMEC ELETRONICA E SERVICOS SA";"301 - Eindom Participações - Adm/Financeiro";"2.01.06.01 - Aluguéis";"REC .082023";"4696";"1/1";"00";"25/08/2023";"1.000,00";"05/09/2023";"0,00";"0";"05/09/2023";"1.000,00";"0,00";"0,00";"1.000,00";"";"";"";"";"";"";
"3 - EINDOM PARTICIPAÇÕES LTDA";"431 - RACIMEC ELETRONICA E SERVICOS SA";"301 - Eindom Participações - Adm/Financeiro";"2.01.06.01 - Aluguéis";"REC .070/2023";"5268";"1/1";"00";"21/09/2023";"1.000,00";"05/10/2023";"1.000,00";"0";"";"0,00";"0,00";"0,00";"0,00";"";"";"";"";"";"";
"3 - EINDOM PARTICIPAÇÕES LTDA";"560 - ALLIANZ SEGUROS S/A";"301 - Eindom Participações - Adm/Financeiro";"2.03.02.02 - Adiantamento a Fornecedores";"ADT .15082023";"4514";"1/1";"00";"16/08/2023";"599,21";"25/08/2023";"0,00";"0";"18/08/2023A";"599,21";"0,00";"0,00";"599,21";"";"";"";"";"";"";
"3 - EINDOM PARTICIPAÇÕES LTDA";"560 - ALLIANZ SEGUROS S/A";"301 - Eindom Participações - Adm/Financeiro";"2.01.09.41 - Seguro Empresarial";"REC .5177";"4607";"1/1";"00";"18/08/2023";"599,21";"18/08/2023";"0,00";"0";"18/08/2023";"599,21";"0,00";"0,00";"0,00";"";"";"";"";"";"";
